{
  "urls": [
    "sounds.mp3",
    "sounds.wav"
  ],
  "sprite": {
    "BIG_MEGA_EPIC_Win_ending": [
      0,
      6000
    ],
    "Bells - BIG WIN, JACKPOT": [
      6100,
      2496.1904761904757
    ],
    "JPWin": [
      9200,
      11202.244897959183
    ],
    "Lil Santa - Dokrut": [
      21300,
      7188.027210884354
    ],
    "Lil Santa - Main Down": [
      29400.000000000004,
      139223.94557823127
    ],
    "_mac_fix": [
      169500,
      2992.086167800466
    ],
    "big_win + vocal": [
      172600.00000000003,
      19156.39455782312
    ],
    "btn paytable close": [
      192700.00000000003,
      1000
    ],
    "btn paytable open": [
      193800,
      1000
    ],
    "btn_any": [
      194900,
      82.06349206349728
    ],
    "btn_over": [
      196000,
      137.73242630384175
    ],
    "btn_start": [
      197100,
      846.0770975056562
    ],
    "itj_ambience": [
      198200,
      64001.496598639445
    ],
    "leaf_information": [
      263299.99999999994,
      1000
    ],
    "lil_santa_take_take": [
      264400,
      2399.7278911564877
    ],
    "lil_santa_tally_end_hit": [
      267500,
      837.913832199547
    ],
    "lil_santa_win_1": [
      268600,
      2072.7891156462306
    ],
    "lil_santa_win_2": [
      271700,
      3241.7006802721176
    ],
    "lil_santa_win_3": [
      275800,
      4333.741496598634
    ],
    "mega_win + vocal": [
      280900.00000000006,
      19278.548752834467
    ],
    "pop_up_poster": [
      301000.00000000006,
      4000
    ],
    "quickStop": [
      305100.00000000006,
      993.6961451247157
    ],
    "reelSpin": [
      306200.0000000001,
      2501.9501133787116
    ],
    "reel_stop": [
      309300.0000000001,
      207.12018140591226
    ],
    "sp_anticipation_2": [
      310400.0000000002,
      7458.117913832211
    ],
    "sp_anticipation_3": [
      318500.0000000002,
      8136.1224489796205
    ],
    "sp_respin": [
      327600.0000000002,
      3970.4761904761767
    ],
    "t_btn_any": [
      331700.0000000002,
      889.4784580498936
    ],
    "t_win": [
      332800.0000000002,
      12777.346938775509
    ],
    "t_win_END": [
      345900.00000000023,
      4932.426303854868
    ],
    "wild_drop": [
      351000.0000000002,
      1675.510204081661
    ],
    "wild_expands": [
      353100.0000000002,
      2880.272108843542
    ]
  }
}